product_id,promo_density_total,promo_density_natural_clean,promo_density_sensorial,promo_density_efficacy,abstractness_ratio,semantic_gap_coarse,trust_response_index,lockin_index,scenario_entropy,skepticism_ratio,price,brand,spf_value,review_count,white_cast_review_share,greasy_texture_review_share,burn_failure_review_share,price_value_review_share,makeup_pilling_review_share,spf_group,brand_type,natural_frequency_group
B000052YQ2,7.246376811594203,2.4154589371980677,2.4154589371980677,2.4154589371980677,0.1176470588235294,0.8198278826504254,0.04495473446235378,0.8095483424741465,0.19045165752585352,0.04896537779941827,9.49,Olay,15.0,500,0.008,0.238,0.016,0.036,0.026,low_spf_30_or_less,drugstore_derm,high_natural_promo
B00008MNZH,19.090909090909093,7.272727272727272,1.818181818181818,9.090909090909092,0.1428571428571428,0.813985702738385,0.06950060770759792,0.7694304193698104,0.23056958063018965,0.07515647084125823,9.91,Eucerin,30.0,500,0.052,0.256,0.018,0.028,0.068,low_spf_30_or_less,drugstore_derm,high_natural_promo
B0013OKSAY,6.646525679758309,1.2084592145015105,0.906344410876133,4.531722054380665,0.1538461538461538,0.762723800386672,0.07732172508662839,0.8568322873374957,0.14316771266250433,0.06184044837661624,33.0,Aveeno,30.0,500,0.012,0.236,0.024,0.034,0.04,low_spf_30_or_less,drugstore_derm,low_natural_promo
B001F51TBI,9.95260663507109,4.739336492890995,2.3696682464454977,2.843601895734597,0.0909090909090909,0.8180866595945433,0.04180291078571113,0.8544310939894056,0.14556890601059436,0.03477646420303388,23.88,Olay,15.0,500,0.006,0.15,0.01,0.032,0.028,low_spf_30_or_less,drugstore_derm,high_natural_promo
B001IM5VT4,6.069364161849711,2.023121387283237,1.1560693641618496,2.8901734104046244,0.25,0.7654536065680891,0.053193403087709666,0.8702677724965785,0.12973222750342145,0.05283793401513009,,Aveeno,15.0,500,0.0,0.22,0.014,0.028,0.04,low_spf_30_or_less,drugstore_derm,high_natural_promo
B001P92FMG,3.606557377049181,0.0,0.0,3.606557377049181,0.0,0.8129233080767375,0.06227549946286161,0.8168702584877517,0.1831297415122483,0.06086288039750251,8.15,Neutrogena,70.0,500,0.032,0.226,0.112,0.024,0.014,high_spf_50_plus,drugstore_derm,low_natural_promo
B001SZ1MRQ,10.56338028169014,2.8169014084507045,3.5211267605633805,4.225352112676056,0.1875,0.807734085072882,0.04795587462966153,0.8556195373892186,0.14438046261078152,0.030597305799645615,6.97,COVERGIRL,21.0,500,0.004,0.162,0.008,0.032,0.186,low_spf_30_or_less,other_or_niche,high_natural_promo
B002JAYMEE,9.836065573770492,0.819672131147541,3.278688524590164,5.737704918032787,0.0909090909090909,0.8298937592646217,0.08013586198571097,0.8403122843324369,0.15968771566756315,0.09972011263207772,,Neutrogena,100.0,500,0.028,0.248,0.078,0.016,0.026,high_spf_50_plus,drugstore_derm,low_natural_promo
B003AVNK0S,7.239819004524887,2.7149321266968327,0.0,4.524886877828054,0.0,0.7547767137050944,0.028871357468558245,0.7147825135230432,0.28521748647695677,0.029805076123535723,,BLUE LIZARD,30.0,500,0.02,0.12,0.134,0.062,0.006,low_spf_30_or_less,other_or_niche,high_natural_promo
B004D2C57M,5.013192612137203,0.5277044854881267,0.0,4.221635883905013,0.0,0.8198182632978441,0.05445687529343535,0.9222933399571138,0.07770666004288623,0.029212737465955593,17.14,Neutrogena,30.0,500,0.0,0.09,0.022,0.054,0.02,low_spf_30_or_less,drugstore_derm,low_natural_promo
B0058SXKV0,7.4074074074074066,0.0,1.8518518518518516,5.555555555555555,0.0,0.8316381459729235,0.03478168290682403,0.9078482048597806,0.0921517951402194,0.03201818098319103,6.58,Banana Boat,30.0,500,0.008,0.102,0.098,0.014,0.0,low_spf_30_or_less,mass_sun_care,low_natural_promo
B005JFPGX2,1.6129032258064515,0.0,1.6129032258064515,0.0,0.0,0.7982733186469196,0.029287829324664564,0.8992173797013785,0.10078262029862152,0.01325308663918859,,MISSHA,42.0,500,0.018,0.178,0.0,0.012,0.166,mid_spf_31_49,other_or_niche,low_natural_promo
B006L2137U,4.519774011299435,0.847457627118644,1.977401129943503,1.694915254237288,0.0588235294117647,0.7516634078725193,0.08587275202839721,0.7352640132318004,0.26473598676819965,0.07574691840206874,,Cetaphil,30.0,500,0.004,0.468,0.022,0.044,0.032,low_spf_30_or_less,drugstore_derm,low_natural_promo
B007KA7V5U,7.924528301886792,1.1320754716981132,0.37735849056603765,5.660377358490567,0.0,0.775156499927019,0.03371756078972767,0.7601508508731003,0.23984914912689972,0.018716356958848678,41.79,Neutrogena,70.0,500,0.018,0.082,0.072,0.05,0.002,high_spf_50_plus,drugstore_derm,low_natural_promo
B007M81A6Q,0.8064516129032258,0.8064516129032258,0.0,0.0,0.25,0.7858284226587074,0.04887587156095641,0.9096777187771171,0.0903222812228829,0.0170780989279206,23.9,Olay,15.0,500,0.002,0.164,0.006,0.026,0.16,low_spf_30_or_less,drugstore_derm,low_natural_promo
B007MV4BQY,3.103448275862069,0.3448275862068966,0.0,2.7586206896551726,0.0,0.6886256971310719,0.05942067923837466,0.85380746809949,0.14619253190051004,0.058639151673598636,10.51,Sun Bum,30.0,500,0.014,0.156,0.07,0.038,0.006,low_spf_30_or_less,mass_sun_care,low_natural_promo
B007SAC6XE,6.782945736434108,3.488372093023256,0.1937984496124031,2.9069767441860463,0.2666666666666666,0.7011518583111899,0.04994942878126834,0.731036377860571,0.26896362213942904,0.039510973808583344,,Thinksport,50.0,500,0.058,0.126,0.146,0.038,0.014,high_spf_50_plus,other_or_niche,high_natural_promo
B007SNM6OK,5.964214711729622,2.982107355864811,0.19880715705765403,2.3856858846918487,0.4166666666666667,0.6616940786848812,0.05218107350581602,0.7734024660041929,0.22659753399580704,0.03516420046539891,13.39,THINK,50.0,500,0.094,0.122,0.2,0.054,0.01,high_spf_50_plus,other_or_niche,high_natural_promo
B008KYYLPI,2.1671826625387,0.0,0.4334365325077399,1.7337461300309598,0.0,0.7195761651020356,0.06799182668712994,0.9302217510953964,0.06977824890460364,0.08571597518036345,20.59,Hawaiian Tropic,30.0,500,0.022,0.356,0.082,0.022,0.002,low_spf_30_or_less,mass_sun_care,low_natural_promo
B00C8FVZZY,9.090909090909092,6.0606060606060606,0.0,3.0303030303030303,0.0,0.8842009467844281,0.047282381301280894,0.6516185634489093,0.3483814365510906,0.04130151859378662,41.0,,41.0,500,0.056,0.146,0.008,0.044,0.184,mid_spf_31_49,other_or_niche,high_natural_promo
B00CWY8OC8,5.384615384615384,0.3846153846153846,0.3846153846153846,4.615384615384616,0.1666666666666666,0.8409124026693688,0.04736824558615946,0.8841016210097422,0.1158983789902578,0.03906527172648538,18.2,RoC,30.0,500,0.004,0.136,0.004,0.024,0.038,low_spf_30_or_less,drugstore_derm,low_natural_promo
B00E9OXJUQ,2.4096385542168677,1.2048192771084338,1.2048192771084338,0.0,0.5,0.855762815607587,0.07272358221554466,0.6661736775154599,0.33382632248454014,0.07964975493627754,20.02,MISSHA,50.0,500,0.18,0.398,0.024,0.016,0.116,high_spf_50_plus,other_or_niche,low_natural_promo
B00FLRHYCE,6.382978723404255,0.7092198581560284,0.7092198581560284,4.25531914893617,0.0,0.7434386765031029,0.06935187822276404,0.7230011947166287,0.2769988052833713,0.07085831033339884,8.24,Hawaiian Tropic,30.0,500,0.042,0.28,0.064,0.012,0.03,low_spf_30_or_less,mass_sun_care,low_natural_promo
B00HB2JQNM,2.631578947368421,0.0,0.8771929824561402,1.7543859649122804,0.0,0.8338329417923777,0.051492003067359016,0.926393631907177,0.07360636809282298,0.03482624452558658,18.5,Olay,30.0,500,0.006,0.142,0.018,0.028,0.038,low_spf_30_or_less,drugstore_derm,low_natural_promo
B00J5KDCO2,6.666666666666667,3.3333333333333335,3.3333333333333335,0.0,0.0,0.900628423717182,0.04306621456485918,0.8144772728089416,0.18552272719105853,0.033797426950557014,38.0,,40.0,500,0.022,0.184,0.016,0.038,0.086,mid_spf_31_49,other_or_niche,high_natural_promo
B00K3JQO9Y,9.465020576131687,4.938271604938271,0.41152263374485604,3.7037037037037037,0.4444444444444444,0.7473187830946281,0.049386638911846914,0.7803204005222127,0.21967959947778726,0.03375340763327211,16.52,THINK,50.0,500,0.068,0.104,0.172,0.03,0.006,high_spf_50_plus,other_or_niche,high_natural_promo
B01A0NT3D6,3.7037037037037037,0.0,3.7037037037037037,0.0,0.0,0.898837127176486,0.08724394230890721,0.7851002822886339,0.21489971771136598,0.0831774990325414,19.99,,60.0,500,0.086,0.294,0.024,0.056,0.076,high_spf_50_plus,other_or_niche,low_natural_promo
B01CQU78VK,0.0,0.0,0.0,0.0,0.0,0.9589732424347704,0.026040515596060312,0.8810947513425293,0.11890524865747061,0.004932578653698919,28.02,Estee Lauder,10.0,500,0.004,0.086,0.004,0.052,0.252,low_spf_30_or_less,other_or_niche,low_natural_promo
B01KJGUUHM,6.906906906906906,1.5015015015015014,1.2012012012012012,4.2042042042042045,0.0,0.719757814725335,0.06738601322217604,0.7886398965584037,0.2113601034415962,0.09216291387801344,7.69,Eucerin,30.0,500,0.11,0.262,0.032,0.01,0.014,low_spf_30_or_less,drugstore_derm,high_natural_promo
B01LWUS3BA,0.7299270072992701,0.7299270072992701,0.0,0.0,0.25,0.7487735411779383,0.02979805481319527,0.9709836339534617,0.02901636604653829,0.014954161278524617,3.9900000000000007,REVLON,20.0,500,0.004,0.074,0.0,0.014,0.0,low_spf_30_or_less,other_or_niche,low_natural_promo
B01MYQW5SM,8.737864077669903,0.3236245954692557,2.26537216828479,5.501618122977346,0.0454545454545454,0.7594112485866502,0.07601822012367981,0.8771528887691796,0.12284711123082029,0.09929232596042717,,Neutrogena,30.0,500,0.036,0.322,0.072,0.026,0.018,low_spf_30_or_less,drugstore_derm,low_natural_promo
B01NCWV3KM,3.8461538461538467,0.0,0.0,3.8461538461538467,0.0,0.8880199504466857,0.05792409743679373,0.7940988494338661,0.20590115056613395,0.054942931865984784,21.99,,30.0,500,0.04,0.224,0.012,0.046,0.044,low_spf_30_or_less,other_or_niche,low_natural_promo
B071CGN3QM,8.21917808219178,3.4246575342465753,2.054794520547945,2.054794520547945,0.2727272727272727,0.7993679527554106,0.024405350475507553,0.89916707581287,0.10083292418713,0.01202423908713012,,bareMinerals,30.0,500,0.002,0.144,0.006,0.012,0.198,low_spf_30_or_less,other_or_niche,high_natural_promo
B0747TWXZW,7.207207207207207,4.504504504504505,1.8018018018018016,0.9009009009009008,0.5,0.8409765033618737,0.029850778708288336,0.9487772457534053,0.051222754246594754,0.0036300717302000973,19.0,bareMinerals,15.0,500,0.004,0.096,0.0,0.03,0.176,low_spf_30_or_less,other_or_niche,high_natural_promo
B075WZQ8RF,1.4388489208633095,0.0,0.7194244604316548,0.0,0.1428571428571428,0.758577587399774,0.05341161685843604,0.8918636843450453,0.10813631565495477,0.03657259370791694,26.0,Olay,25.0,500,0.008,0.16,0.004,0.032,0.026,low_spf_30_or_less,drugstore_derm,low_natural_promo
B079Z6VK4W,3.0927835051546393,2.061855670103093,1.0309278350515465,0.0,0.3333333333333333,0.8737270553107098,0.031176815878444467,0.9597164553151621,0.040283544684837816,0.002595414092740294,,bareMinerals,15.0,500,0.004,0.052,0.002,0.008,0.16,low_spf_30_or_less,other_or_niche,high_natural_promo
B07GDT961B,9.13978494623656,2.1505376344086025,2.1505376344086025,4.838709677419355,0.0769230769230769,0.7731998139117325,0.07432564518514831,0.6434074040524119,0.356592595947588,0.05093276686755247,13.7,Cetaphil,30.0,500,0.018,0.432,0.048,0.03,0.02,low_spf_30_or_less,drugstore_derm,high_natural_promo
B07KGL1YZL,3.1055900621118013,2.7950310559006213,0.0,0.3105590062111801,0.23076923076923073,0.6783562887348726,0.05206681752600419,0.6661246516965409,0.33387534830345916,0.03182362428122146,23.99,Beauty by Earth,25.0,500,0.056,0.168,0.112,0.018,0.022,low_spf_30_or_less,other_or_niche,high_natural_promo
B07KL7HPXV,9.226932668329177,6.733167082294264,0.2493765586034912,2.2443890274314215,0.28,0.6931085230818534,0.11794133269139792,0.6233387747824797,0.3766612252175203,0.09385771306834956,12.36,CeraVe,30.0,500,0.232,0.158,0.044,0.02,0.058,low_spf_30_or_less,drugstore_derm,high_natural_promo
B07PDHPJ5N,6.145251396648044,5.027932960893855,0.0,1.11731843575419,0.4444444444444444,0.6918276308365928,0.05739142234106848,0.7100087858567383,0.2899912141432616,0.04500580786483036,21.99,Beauty by Earth,20.0,500,0.014,0.232,0.01,0.02,0.174,low_spf_30_or_less,other_or_niche,high_natural_promo
B07QGG5MV2,9.226932668329177,6.733167082294264,0.2493765586034912,2.2443890274314215,0.28,0.7076512303573893,0.1313171475149952,0.5783594823263228,0.42164051767367705,0.09859753920520045,7.99,CeraVe,50.0,500,0.286,0.154,0.018,0.014,0.084,high_spf_50_plus,drugstore_derm,high_natural_promo
B07QM2C61T,8.300395256916996,3.557312252964427,0.0,4.743083003952568,0.0,0.7524224154969847,0.05786962474415569,0.5944789592863513,0.40552104071364864,0.06486247997287484,27.43,BLUE LIZARD,30.0,500,0.072,0.118,0.158,0.036,0.008,low_spf_30_or_less,other_or_niche,high_natural_promo
B07SG7ND5C,9.756097560975611,3.658536585365854,0.0,6.097560975609756,0.3,0.7851174929124695,0.057490863924381366,0.8747896007962671,0.12521039920373292,0.006350208952904713,5.990000000000001,Sun Bum,15.0,500,0.014,0.052,0.016,0.016,0.002,low_spf_30_or_less,mass_sun_care,high_natural_promo
B07ZQBGRJX,5.9259259259259265,5.555555555555555,0.3703703703703704,0.0,0.7142857142857143,0.7622654070043953,0.054153174819820474,0.843997644961474,0.15600235503852591,0.02301049188300271,,Physicians Formula,15.0,500,0.002,0.176,0.01,0.018,0.168,low_spf_30_or_less,other_or_niche,high_natural_promo
B0861ZRWRC,13.559322033898304,0.0,1.694915254237288,11.864406779661016,0.0,0.9575403893285341,0.04344597341674786,0.9049245076932702,0.09507549230672989,0.0335635454446338,,Australian Gold,15.0,500,0.004,0.096,0.048,0.016,0.0,low_spf_30_or_less,mass_sun_care,low_natural_promo
B0872HDGFZ,4.375,3.125,0.625,0.625,0.6,0.7791673017838227,0.03127991134815138,0.7996917949737506,0.20030820502624933,0.006091806712304956,5.95,bareMinerals,20.0,500,0.006,0.138,0.002,0.028,0.32,low_spf_30_or_less,other_or_niche,high_natural_promo
B08748D8TF,6.103286384976526,0.4694835680751174,0.9389671361502347,4.694835680751173,0.0,0.8022956119961657,0.044572805603411654,0.9171641691759409,0.08283583082405914,0.04455728775343099,14.410000000000002,Australian Gold,30.0,500,0.008,0.116,0.082,0.01,0.0,low_spf_30_or_less,mass_sun_care,low_natural_promo
B0874GFK2Z,4.892966360856269,0.9174311926605504,1.529051987767584,2.4464831804281344,0.0,0.75739420950451,0.03637986750247346,0.9521512056620812,0.047848794337918846,0.03524061416108653,7.37,Australian Gold,30.0,500,0.002,0.11,0.058,0.01,0.0,low_spf_30_or_less,mass_sun_care,low_natural_promo
B087QY5N5H,6.666666666666667,3.3333333333333335,3.3333333333333335,0.0,0.0,0.9017235180825469,0.05005214764359683,0.8165423842574082,0.18345761574259173,0.05962755808928388,71.5,,40.0,500,0.046,0.234,0.042,0.038,0.066,mid_spf_31_49,other_or_niche,high_natural_promo
B088MSY15Q,8.333333333333332,4.166666666666666,0.5208333333333333,3.6458333333333335,0.1666666666666666,0.7115880502376238,0.06533512142587357,0.6073477591282685,0.39265224087173145,0.06926260261301266,,Australian Gold,50.0,500,0.136,0.342,0.04,0.032,0.212,high_spf_50_plus,mass_sun_care,high_natural_promo
B08MTDKCX8,1.867572156196944,0.5093378607809848,0.0,0.6791171477079796,0.2,0.6464966881983185,0.023038374755419717,0.9378831887394145,0.06211681126058553,0.008204318262969431,8.95,Earth's Daughter,15.0,500,0.002,0.052,0.002,0.026,0.0,low_spf_30_or_less,other_or_niche,low_natural_promo
B093C28CWW,3.153153153153153,2.2522522522522523,0.4504504504504504,0.4504504504504504,0.4,0.6834183104226913,0.05791475777590076,0.8076243278377525,0.19237567216224755,0.018330112317213248,,Burt's Bees,15.0,500,0.034,0.208,0.002,0.026,0.192,low_spf_30_or_less,other_or_niche,high_natural_promo
B094TT8FVG,9.80392156862745,6.162464985994398,1.1204481792717087,2.521008403361345,0.08,0.5494573686847712,0.12666130030853665,0.37668391689179315,0.6233160831082069,0.12336373236144171,8.0,Cetaphil,30.0,500,0.286,0.16,0.044,0.026,0.08,low_spf_30_or_less,drugstore_derm,high_natural_promo
B095FMX9LT,3.492063492063492,1.5873015873015872,0.0,1.9047619047619049,0.0,0.6965186015809814,0.07486352919613318,0.9486666341219456,0.05133336587805436,0.029781004753568045,3.99,Sun Bum,30.0,500,0.0,0.07,0.022,0.01,0.0,low_spf_30_or_less,mass_sun_care,high_natural_promo
B09642QYTS,3.3333333333333335,1.6666666666666667,0.8333333333333334,0.0,0.6666666666666666,0.7678626929418716,0.08067993860919359,0.7342432684189517,0.26575673158104834,0.10495476877121923,10.88,A'PIEU,50.0,500,0.276,0.332,0.024,0.018,0.086,high_spf_50_plus,other_or_niche,high_natural_promo
B09DNX6J3P,3.3670033670033668,0.3367003367003366,0.0,3.0303030303030303,0.0,0.6815918696012327,0.04927956301266496,0.8084488731709523,0.19155112682904768,0.05483070744609355,18.49,Sun Bum,30.0,500,0.03,0.168,0.118,0.03,0.002,low_spf_30_or_less,mass_sun_care,low_natural_promo
B09FGR6L63,10.344827586206897,0.4310344827586206,3.8793103448275863,5.603448275862069,0.0434782608695652,0.7995648518331766,0.053364490887372135,0.7922520570243688,0.2077479429756312,0.06996223060029522,,Neutrogena,70.0,500,0.008,0.218,0.088,0.014,0.006,high_spf_50_plus,drugstore_derm,low_natural_promo
B09JTF1KYX,3.755868544600939,0.0,0.2347417840375587,3.5211267605633805,0.0,0.7683126293760809,0.05581340946282156,0.9789958038853275,0.021004196114672444,0.044440104498935436,,L'Oreal Paris,15.0,500,0.002,0.142,0.002,0.03,0.002,low_spf_30_or_less,drugstore_derm,low_natural_promo
B09KL2Q9TX,0.9009009009009008,0.0,0.0,0.4504504504504504,0.0,0.7914011504515905,0.051281779836187515,0.8396636166936233,0.16033638330637673,0.010023959126952559,19.49,DC DERMACOL,30.0,500,0.0,0.13,0.0,0.024,0.194,low_spf_30_or_less,other_or_niche,low_natural_promo
B09KP64LQB,5.555555555555555,1.4814814814814816,0.7407407407407408,3.3333333333333335,0.2,0.7487550134035396,0.04835202948386083,0.8178416839076162,0.18215831609238373,0.026879741617042627,13.99,Neutrogena,20.0,500,0.004,0.13,0.008,0.018,0.178,low_spf_30_or_less,drugstore_derm,low_natural_promo
B09M16VNYN,2.413793103448276,0.3448275862068966,0.0,2.068965517241379,0.0,0.6575516907299562,0.07436812011134027,0.5510105050071283,0.4489894949928716,0.07904596633517978,12.98,Sun Bum,70.0,500,0.052,0.234,0.082,0.024,0.044,high_spf_50_plus,mass_sun_care,low_natural_promo
B09NN2726V,1.107011070110701,1.107011070110701,0.0,0.0,0.5,0.7225055077248033,0.05319372087911943,0.9691435265036369,0.030856473496363068,0.015235366351591815,4.38,Palmer's,15.0,500,0.008,0.042,0.004,0.022,0.0,low_spf_30_or_less,other_or_niche,low_natural_promo
B09Q3VGBF1,4.545454545454546,2.097902097902098,0.0,2.4475524475524475,0.125,0.7679978275813407,0.049086522408566105,0.8587335932990232,0.14126640670097682,0.01527162169605943,16.49,Physicians Formula,30.0,500,0.006,0.154,0.004,0.044,0.174,low_spf_30_or_less,other_or_niche,high_natural_promo
B09Q3WZHB6,10.20408163265306,6.122448979591836,0.0,2.0408163265306123,0.0,0.8878380745764969,0.05017860144425107,0.8603581031552013,0.13964189684479866,0.011457225057020681,,Physicians Formula,30.0,500,0.028,0.104,0.006,0.036,0.13,low_spf_30_or_less,other_or_niche,high_natural_promo
B09V26RGC7,3.571428571428571,2.976190476190476,0.0,0.5952380952380952,0.1818181818181818,0.7589624436528699,0.09491661624470314,0.695198569986742,0.304801430013258,0.11708549376033717,12.0,Etude House,50.0,500,0.27,0.4,0.028,0.018,0.146,high_spf_50_plus,premium_import_beauty,high_natural_promo
B09VVF2V6R,4.977375565610861,0.0,1.809954751131222,3.167420814479638,0.0,0.8144426881687471,0.04878527777066619,0.8653383994374454,0.13466160056255455,0.03642671070874874,10.97,Banana Boat,100.0,500,0.0,0.1,0.138,0.008,0.0,high_spf_50_plus,mass_sun_care,low_natural_promo
B09YZ356QW,1.9943019943019942,0.2849002849002849,0.0,1.7094017094017095,0.1666666666666666,0.7409757761462479,0.04300618572085153,0.8757420926359571,0.1242579073640428,0.023773972413104888,6.9,Maybelline New York,30.0,500,0.006,0.174,0.012,0.038,0.21,low_spf_30_or_less,other_or_niche,low_natural_promo
B0B3LHMSN2,4.838709677419355,2.1505376344086025,0.0,2.6881720430107525,0.2666666666666666,0.7989076535478364,0.01839231871710035,0.9712688737596189,0.02873112624038104,0.008717265965301537,16.08,Natural Ice,15.0,500,0.002,0.042,0.006,0.01,0.002,low_spf_30_or_less,other_or_niche,high_natural_promo
B0B3NMNHQ1,8.19112627986348,4.09556313993174,0.6825938566552902,2.7303754266211606,0.1538461538461538,0.7255529234651633,0.05099277284798283,0.8409039864603343,0.1590960135396657,0.04163132298392206,,Aveeno,15.0,500,0.006,0.17,0.028,0.034,0.018,low_spf_30_or_less,drugstore_derm,high_natural_promo
B0B6WRX48T,3.92156862745098,1.568627450980392,0.392156862745098,1.568627450980392,0.25,0.6570846131681861,0.04545841791669839,0.736684249649585,0.263315750350415,0.01110037798984429,12.970000000000002,L'Oreal Paris,50.0,500,0.002,0.128,0.008,0.03,0.344,high_spf_50_plus,drugstore_derm,high_natural_promo
B0BDW22ZVC,2.43161094224924,0.60790273556231,1.82370820668693,0.0,0.125,0.7303556446760463,0.030562186695009465,0.9009786197195144,0.09902138028048556,0.010839652622331561,6.99,REVLON,15.0,500,0.004,0.184,0.0,0.034,0.31,low_spf_30_or_less,other_or_niche,low_natural_promo
B0BDW4R1B5,1.9169329073482428,1.2779552715654952,0.6389776357827476,0.0,0.3636363636363636,0.7244356807229773,0.03538897236421817,0.8884907395278259,0.11150926047217417,0.005014118488238786,8.5,REVLON,20.0,500,0.01,0.084,0.0,0.034,0.316,low_spf_30_or_less,other_or_niche,low_natural_promo
B0BF9M6QM7,4.363636363636364,0.0,0.7272727272727274,3.636363636363636,0.0,0.7800038719806631,0.04435107438186633,0.9162079781773095,0.08379202182269051,0.05893041950601314,11.969999999999999,Hawaiian Tropic,70.0,500,0.02,0.18,0.072,0.006,0.0,high_spf_50_plus,mass_sun_care,low_natural_promo
B0BFV6YN3B,5.415162454873647,0.0,0.36101083032490977,5.054151624548736,0.0,0.7875984725687641,0.046574711328747784,0.8365400119765249,0.1634599880234751,0.05678517609391678,9.58,Neutrogena,30.0,500,0.026,0.168,0.128,0.014,0.006,low_spf_30_or_less,drugstore_derm,low_natural_promo
B0BHFCMMW1,2.341137123745819,2.0066889632107023,0.334448160535117,0.0,0.4444444444444444,0.6801421138892983,0.0766302118697686,0.8266285183014588,0.17337148169854122,0.06968417105011415,15.3,Gloves In A Bottle,,500,0.002,0.22,0.004,0.048,0.004,mid_spf_31_49,other_or_niche,high_natural_promo
B0BHMSNGR2,1.6129032258064515,0.0,1.6129032258064515,0.0,0.0,0.8020682145773633,0.043788900585449646,0.888963964920368,0.11103603507963203,0.015833754562163925,12.0,MISSHA,42.0,500,0.006,0.176,0.004,0.026,0.214,mid_spf_31_49,other_or_niche,low_natural_promo
B0BN491W2F,8.292682926829269,0.0,1.951219512195122,6.341463414634147,0.0,0.824255752412305,0.036707197948031046,0.9154776666098057,0.08452233339019427,0.017771044650435962,13.48,Banana Boat,50.0,500,0.002,0.06,0.102,0.022,0.0,high_spf_50_plus,mass_sun_care,low_natural_promo
B0BNPHJ9GM,1.1764705882352942,0.5882352941176471,0.5882352941176471,0.0,0.1666666666666666,0.7171215326008967,0.04111381787551744,0.908667737651684,0.09133226234831597,0.012664360294724578,12.95,MISSHA,42.0,500,0.032,0.156,0.0,0.03,0.172,mid_spf_31_49,other_or_niche,low_natural_promo
B0BQX4ZR4X,0.0,0.0,0.0,0.0,0.0,0.6757020853068164,0.031000230336764037,0.961204638277749,0.038795361722250926,0.0029896832316187133,9.99,Vive,,500,0.0,0.008,0.0,0.014,0.002,mid_spf_31_49,other_or_niche,low_natural_promo
B0BQX52B49,0.0,0.0,0.0,0.0,0.0,0.6765271469635888,0.021171990407764296,0.9730632250036597,0.0269367749963402,0.001493643401855961,11.99,Vive,,500,0.002,0.01,0.008,0.008,0.0,mid_spf_31_49,other_or_niche,low_natural_promo
B0BSSLNXZY,12.903225806451612,3.225806451612903,0.0,9.67741935483871,0.0,0.9116378794715572,0.05401951886145188,0.8391330090577194,0.16086699094228066,0.06734299237953863,44.0,,50.0,500,0.048,0.226,0.046,0.066,0.03,high_spf_50_plus,other_or_niche,high_natural_promo
B0BSTY3KN9,9.97067448680352,6.158357771260997,1.759530791788856,2.0527859237536656,0.22222222222222224,0.6727311619639641,0.07992306355277744,0.5116420684686741,0.4883579315313259,0.06829016692932914,13.1,CeraVe,30.0,500,0.062,0.268,0.014,0.028,0.17,low_spf_30_or_less,drugstore_derm,high_natural_promo
B0BT9VGHD4,4.405286343612335,2.643171806167401,1.3215859030837005,0.0,0.5,0.6951853129842022,0.03960115668752832,0.8708319020720968,0.1291680979279032,0.01106966931802,6.94,Maybelline New York,18.0,500,0.01,0.138,0.0,0.04,0.394,low_spf_30_or_less,other_or_niche,high_natural_promo
B0BTMMMZ22,20.0,10.0,0.0,10.0,0.0,0.9240769455261294,0.030068583616523734,0.8758727393468145,0.12412726065318541,0.013283893395098646,21.56,,30.0,500,0.004,0.2,0.002,0.03,0.186,low_spf_30_or_less,other_or_niche,high_natural_promo
B0BTTN3SVN,7.172995780590717,3.375527426160337,0.4219409282700421,3.375527426160337,0.0625,0.8093800147863244,0.10093316543995995,0.786196585949947,0.21380341405005301,0.1112329202702075,10.27,Alba Botanica,50.0,500,0.154,0.214,0.084,0.036,0.03,high_spf_50_plus,other_or_niche,high_natural_promo
B0BTTSFGLS,4.201680672268908,0.8403361344537815,0.42016806722689076,2.941176470588235,0.0833333333333333,0.7895706221369562,0.05570895182146489,0.7963924585918756,0.2036075414081244,0.04283521379910585,11.99,Alba Botanica,30.0,500,0.004,0.14,0.102,0.014,0.002,low_spf_30_or_less,other_or_niche,low_natural_promo
B0BX593B3J,3.389830508474576,0.3389830508474576,0.0,3.050847457627119,0.0,0.6820606641068142,0.04909415468705841,0.8281329447066899,0.17186705529331006,0.044024621781615654,11.49,Sun Bum,50.0,500,0.04,0.146,0.066,0.028,0.012,high_spf_50_plus,mass_sun_care,low_natural_promo
B0BXBBMVZ3,5.161290322580645,0.6451612903225806,1.935483870967742,2.5806451612903225,0.2,0.7499948568145588,0.07277463379487835,0.5246405828399362,0.47535941716006386,0.07296564659895621,18.0,Supergoop!,40.0,500,0.088,0.29,0.034,0.14,0.108,mid_spf_31_49,premium_import_beauty,low_natural_promo
B0BYDKJG5X,2.2900763358778624,0.0,0.7633587786259541,0.0,1.0,0.8020873034127906,0.038221828362191776,0.9229727740946714,0.07702722590532854,0.0006329113924050633,6.99,Yoseng,,500,0.0,0.002,0.0,0.038,0.26,mid_spf_31_49,other_or_niche,low_natural_promo
B0BZZV3QKC,5.396825396825397,0.0,0.3174603174603174,5.07936507936508,0.0,0.78186414381544,0.06328678505095157,0.8123266848989168,0.18767331510108315,0.06901008491338143,19.16,Neutrogena,70.0,500,0.024,0.256,0.046,0.022,0.058,high_spf_50_plus,drugstore_derm,low_natural_promo
B0C2DT1Z2N,4.3763676148796495,3.063457330415755,0.6564551422319475,0.6564551422319475,0.3529411764705882,0.571466221309161,0.051872999126834074,0.49032067225571574,0.5096793277442843,0.03975925500774661,16.0,Australian Gold,50.0,500,0.064,0.242,0.028,0.03,0.186,high_spf_50_plus,mass_sun_care,high_natural_promo
B0C52N53Q3,0.7782101167315175,0.0,0.38910505836575865,0.38910505836575865,0.0,0.7207028698024543,0.06416963460885805,0.9880292177144153,0.011970782285584713,0.0624883454533558,5.89,Neutrogena,20.0,500,0.002,0.198,0.002,0.024,0.0,low_spf_30_or_less,drugstore_derm,low_natural_promo
B0C5JVD54M,7.926829268292683,5.487804878048781,0.0,2.4390243902439024,0.4,0.7715784235177343,0.0666640463803014,0.7740467228186737,0.22595327718132635,0.029472476659493735,46.0,Brush On Block,50.0,500,0.012,0.104,0.098,0.05,0.036,high_spf_50_plus,other_or_niche,high_natural_promo
B0C5XCCB1Y,8.0,4.0,0.0,4.0,0.5,0.9107347540899591,0.03645870704629286,0.8813087279205742,0.11869127207942574,0.008176006243514064,47.0,,50.0,500,0.006,0.116,0.002,0.044,0.216,high_spf_50_plus,other_or_niche,high_natural_promo
B0C69TMNNS,10.0,6.666666666666667,0.0,3.3333333333333335,0.0,0.9384893480932004,0.054730751193530235,0.7963194233489838,0.20368057665101633,0.046742620065954185,45.98,,50.0,500,0.032,0.22,0.02,0.052,0.146,high_spf_50_plus,other_or_niche,high_natural_promo
B0C8BKLQYJ,9.40766550522648,3.8327526132404173,2.787456445993031,2.787456445993031,0.4230769230769231,0.7465153760509758,0.044065788538292336,0.9181053345510996,0.0818946654489005,0.018989341783923468,19.94,Jergens,20.0,500,0.002,0.068,0.006,0.024,0.016,low_spf_30_or_less,other_or_niche,high_natural_promo
B0CBL92Q9Q,3.4482758620689653,3.4482758620689653,0.0,0.0,0.0,0.8769372715517305,0.07870295038844022,0.7935775549939873,0.2064224450060127,0.08948934948048202,36.99,,60.0,500,0.088,0.22,0.074,0.098,0.028,high_spf_50_plus,other_or_niche,high_natural_promo
B0CDYV161L,8.846153846153847,4.230769230769231,0.0,4.615384615384616,0.11111111111111112,0.730616936896766,0.09342658568542907,0.5813854145373011,0.418614585462699,0.08366296777770131,17.23,Coppertone,50.0,500,0.17,0.122,0.106,0.03,0.018,high_spf_50_plus,mass_sun_care,high_natural_promo
B0CGMHHVGS,7.231920199501247,1.4962593516209477,0.997506234413965,4.738154613466334,0.1428571428571428,0.6829109062224954,0.06754400020307497,0.6842218533275576,0.3157781466724424,0.08120832328928414,13.98,CeraVe,30.0,500,0.066,0.4,0.026,0.036,0.084,low_spf_30_or_less,drugstore_derm,high_natural_promo
B0CH6RQX8P,6.2761506276150625,1.2552301255230125,1.6736401673640169,3.3472803347280333,0.1666666666666666,0.7171554432423723,0.051099708040347046,0.665949259049782,0.3340507409502181,0.037026035320241145,27.950000000000003,DRMTLGY,46.0,500,0.022,0.196,0.014,0.034,0.174,mid_spf_31_49,other_or_niche,low_natural_promo
