product_id,promo_density_total,promo_density_natural_clean,promo_density_clinical_premium,abstractness_ratio,semantic_gap_coarse,skepticism_ratio,value_complaint_ratio,negative_repurchase_ratio,scenario_entropy,attenuation_index_exploratory,mean_reviews_per_active_month,brand,product_name,spf_value,mineral_or_chemical,review_count,first_review_date,last_review_date,review_span_months,matched_terms
B0C52N53Q3,0.7782101167315175,0.0,0.0,0.0,0.7207028698024543,0.0624883454533558,0.0008064516129032247,0.0,0.011970782285584713,0.2165539600821156,5.376344086021505,Neutrogena,"Neutrogena MoistureShine Lip Soother Gloss with SPF 20 Sun Protection, High Gloss Tinted Lip Moisturizer with Hydrating Glycerin and Soothing Cucumber for Dry Lips, Shine 30,.35 oz",20.0,,1165,2011-08-29,2023-07-18,142.6,sunscreen; spf; broad spectrum; sun protection
B008KYYLPI,2.1671826625387,0.0,0.0,0.0,0.7195761651020356,0.08571597518036345,0.001984126984126983,0.0012626262626262625,0.06977824890460364,0.21257083108487662,6.944444444444445,Hawaiian Tropic,"Hawaiian Tropic Sunscreen Silk Hydration Moisturizing Broad Spectrum Sun Care Sunscreen Lotion - SPF 30, 6 Ounce",30.0,chemical,744,2012-07-05,2022-11-17,124.4,sunscreen; spf; broad spectrum; sun protection; uva; uvb
B09JTF1KYX,3.755868544600939,0.0,0.0,0.0,0.7683126293760809,0.044440104498935436,0.0006878714505833144,0.0,0.021004196114672444,0.20930315998939197,4.237288135593221,L'Oreal Paris,"L'Oreal Men Expert Vitalift Anti-Wrinkle & Firming Face Moisturizer with SPF 15 and Pro-Retinol, Face Moisturizer for Men, Beard and Skincare for Men, 1.6 oz",15.0,,1316,2010-03-10,2023-08-20,161.3,spf; broad spectrum; uva; uvb
B01MYQW5SM,8.737864077669903,0.3236245954692557,0.6472491909385114,0.0454545454545454,0.7594112485866502,0.09929232596042717,0.00020678246484698062,0.0,0.12284711123082029,0.20526997115817583,4.032258064516129,Neutrogena,"Neutrogena Ultra Sheer Dry-Touch Sunscreen Lotion, Broad Spectrum SPF 30 UVA/UVB Protection, Oxybenzone-Free, Light, Water Resistant, Non-Comedogenic ; Non-Greasy, Travel Size, 3 fl. oz",30.0,chemical,3821,2007-08-23,2023-08-28,192.1,sunscreen; spf; broad spectrum; sun protection; uva; uvb
B0874GFK2Z,4.892966360856269,0.9174311926605504,0.0,0.0,0.75739420950451,0.03524061416108653,0.0,0.0,0.047848794337918846,0.2010024253807422,4.273504273504273,Australian Gold,"Australian Gold Spray Gel Sunscreen with Instant Bronzer SPF 30, 8 Ounce | Moisturize & Hydrate Skin | Broad Spectrum | Water Resistant | Non-Greasy | Oxybenzone Free | Cruelty Free",30.0,chemical,1404,2007-01-10,2023-08-26,199.5,sunscreen; sunblock; spf; broad spectrum; sun protection; uva; uvb
B0BF9M6QM7,4.363636363636364,0.0,0.0,0.0,0.7800038719806631,0.05893041950601314,0.0002124044180118944,0.0,0.08379202182269051,0.2009738225917688,4.672897196261682,Hawaiian Tropic,"Hawaiian Tropic Sheer Touch Lotion Sunscreen SPF 70, 8oz | Hawaiian Tropic Sunscreen SPF 70, High SPF Sunscreen, Oxybenzone Free Sunscreen, Moisturizing Sunscreen, Body Sunscreen SPF 70, 8oz",70.0,chemical,892,2011-07-16,2023-08-25,145.3,sunscreen; spf; broad spectrum; sun protection; uva; uvb
B01LWUS3BA,0.7299270072992701,0.7299270072992701,0.0,0.25,0.7487735411779383,0.014954161278524617,0.0,0.0020947132167544453,0.02901636604653829,0.19920665347843833,6.8493150684931505,REVLON,"Lip Balm by Revlon, Kiss Tinted Lip Balm, Face Makeup with Lasting Hydration, SPF 20, Infused with Natural Fruit Oils, 035 Berry Burst, 0.09 Oz",20.0,,1509,2016-10-25,2023-08-08,81.4,spf; sun protection
B095FMX9LT,3.492063492063492,1.5873015873015872,0.0,0.0,0.6965186015809814,0.029781004753568045,0.0011202389843166525,0.0009614933633506863,0.05133336587805436,0.19918806133737638,4.854368932038835,Sun Bum,Sun Bum SPF 30 Sunscreen Lip Balm | Vegan and Cruelty Free Broad Spectrum UVA/UVB Lip Care with Aloe and Vitamin E for Moisturized Lips | Watermelon Flavor |.15 oz,30.0,,2182,2013-03-16,2023-09-09,125.8,sunscreen; spf; broad spectrum; sun protection; uva; uvb
B09NN2726V,1.107011070110701,1.107011070110701,0.0,0.5,0.7225055077248033,0.015235366351591815,0.00038138825324179995,0.0,0.030856473496363068,0.19849466226951537,10.869565217391305,Palmer's,"Palmer's Coconut Oil Formula Lip Balm with SPF 15, 0.15 Ounce",15.0,,968,2017-10-15,2023-08-29,70.4,spf; sun protection
B0B3LHMSN2,4.838709677419355,2.1505376344086025,0.0,0.2666666666666666,0.7989076535478364,0.008717265965301537,0.0017241379310344827,0.0034482758620689655,0.02873112624038104,0.1981620579897901,3.4482758620689653,Natural Ice,Natural Ice Original SPF 15 Medicated Lip Balm - 12 Count Pack,15.0,,1482,2003-09-16,2023-08-04,238.6,sunscreen; spf; broad spectrum; sun protection; uva; uvb
B002JAYMEE,9.836065573770492,0.819672131147541,0.0,0.0909090909090909,0.8298937592646217,0.09972011263207772,0.000333333333333333,0.0,0.15968771566756315,0.198061823989444,5.0,Neutrogena,"Neutrogena Ultra Sheer Dry-Touch Water Resistant and Non-Greasy Sunscreen Lotion with Broad Spectrum SPF 100+, 3 Fl Oz (Pack of 1)",100.0,,2518,2009-11-13,2023-07-19,164.1,sunscreen; spf; broad spectrum; sun protection; uva; uvb
B08748D8TF,6.103286384976526,0.4694835680751174,0.0,0.0,0.8022956119961657,0.04455728775343099,0.0,0.00027548209366391155,0.08283583082405914,0.19686889068463342,4.132231404958677,Australian Gold,"Australian Gold Sunscreen Lotion SPF 30, 8 Ounce | Moisture Max | Infused with Aloe Vera | Broad Spectrum | Water Resistant",30.0,,1145,2010-09-22,2023-08-03,154.3,sunscreen; sunblock; spf; broad spectrum; sun protection; uva; uvb
B00HB2JQNM,2.631578947368421,0.0,0.0,0.0,0.8338329417923777,0.03482624452558658,0.0,0.0,0.07360636809282298,0.19572659973911138,4.9504950495049505,Olay,"Facial Moisturizing Lotion SPF 30 by Olay Total Effects for Dry Skin, 7 Benefits including Minimize Pores, Anti-Aging, 1.7 oz",30.0,,1183,2014-02-22,2023-08-31,114.2,spf; sun protection
B0BQX52B49,0.0,0.0,0.0,0.0,0.6765271469635888,0.001493643401855961,0.0006038647342995167,0.0,0.0269367749963402,0.19521170420486364,6.944444444444445,Vive,"Vive Lotion Applicator for Back, Feet (17.5"") - Self Washer Beauty Shower Sponge, Long Handle Cream Wand for Elderly, Women - Apply Medicine, Skin Cream, Body Wash, Sunscreen, Tanner",,,3209,2017-03-13,2023-06-08,74.8,sunscreen
B004D2C57M,5.013192612137203,0.5277044854881267,0.2638522427440633,0.0,0.8198182632978441,0.029212737465955593,0.005115788043918972,0.000310173697270471,0.07770666004288623,0.19457897966650678,4.032258064516129,Neutrogena,"Neutrogena Rapid Wrinkle Repair Retinol Face Moisturizer with SPF 30 Sunscreen, Daily Anti-Aging Face Cream with Retinol & Hyaluronic Acid to Fight Fine Lines, Wrinkles, & Dark Spots, 1 fl. oz",30.0,mixed,2065,2011-03-08,2023-08-20,149.4,sunscreen; spf; broad spectrum
B0BQX4ZR4X,0.0,0.0,0.0,0.0,0.6757020853068164,0.0029896832316187133,0.0007728494623655903,0.0,0.038795361722250926,0.19333104499062684,8.064516129032258,Vive,"Vive Lotion Applicator for Back, Feet (17.5"") - Self Washer Beauty Shower Sponge, Long Handle Cream Wand for Elderly, Women - Apply Medicine, Skin Cream, Body Wash, Sunscreen, Tanner (Dark)",,,803,2018-02-08,2023-08-25,66.5,sunscreen
B079Z6VK4W,3.0927835051546393,2.061855670103093,0.0,0.3333333333333333,0.8737270553107098,0.002595414092740294,0.00017217630853994464,0.001025290498974709,0.040283544684837816,0.1930212819927332,4.132231404958677,bareMinerals,Original Matte Loose Mineral Foundation Broad Specrum SPF 15,15.0,mineral,2102,2007-01-10,2023-08-14,199.1,spf
B0747TWXZW,7.207207207207207,4.504504504504505,0.0,0.5,0.8409765033618737,0.0036300717302000973,0.0027100271002710027,0.001640744668316248,0.051222754246594754,0.1919321636118879,4.065040650406504,bareMinerals,Original Matte Loose Mineral Foundation Broad Spectrum SPF 15,15.0,mineral,785,2010-07-22,2023-06-20,154.9,spf; broad spectrum
B0861ZRWRC,13.559322033898304,0.0,0.0,0.0,0.9575403893285341,0.0335635454446338,0.001429396874312128,0.0006420133538777602,0.09507549230672989,0.19157181772909163,4.237288135593221,Australian Gold,"Australian Gold Sheer Coverage Continuous Spray Sunscreen SPF 15, 6 Ounce | Quick Absorbing Invisible Dry | Broad Spectrum | Water Resistant",15.0,,775,2008-06-18,2023-08-22,182.1,sunscreen; spf; broad spectrum; sun protection; uva; uvb
B0058SXKV0,7.4074074074074066,0.0,0.0,0.0,0.8316381459729235,0.03201818098319103,0.001059322033898305,0.0,0.0921517951402194,0.19143992577538801,4.237288135593221,Banana Boat,"Banana Boat Sport Ultra SPF 30 Sunscreen Lotion, 3oz | Travel Size Sunscreen, Banana Boat Sunscreen SPF 30 Lotion, Oxybenzone Free Sunscreen, Sunblock Lotion Sunscreen SPF 30, 3oz each Twin Pack",30.0,chemical,2281,2012-07-12,2023-09-01,133.6,sunscreen; sunblock; spf; broad spectrum; sun protection; uva; uvb
B0BTTN3SVN,7.172995780590717,3.375527426160337,0.0,0.0625,0.8093800147863244,0.1112329202702075,0.0007415042478760617,0.00030864197530864164,0.21380341405005301,0.1908717298268478,4.166666666666667,Alba Botanica,"Alba Botanica Sunscreen for Face, Fragrance-Free Sheer Mineral Face Sunscreen Lotion, Broad Spectrum SPF 50, Water Resistant and Biodegradable, 2 fl. oz. Bottle",50.0,mineral,763,2011-07-14,2023-08-03,144.6,sunscreen; spf; broad spectrum; sun protection
B0013OKSAY,6.646525679758309,1.2084592145015105,0.0,0.1538461538461538,0.762723800386672,0.06184044837661624,0.002370713362483843,0.0010004850836769338,0.14316771266250433,0.19076139159202418,4.032258064516129,Aveeno,"Aveeno Positively Radiant Daily Facial Moisturizer with Total Soy Complex and Broad Spectrum SPF 30 Sunscreen, Oil-Free and Non-Comedogenic, 2.5 fl. oz",30.0,,830,2011-02-07,2023-03-18,145.3,sunscreen; spf; broad spectrum; sun protection; uva; uvb
B001IM5VT4,6.069364161849711,2.023121387283237,0.0,0.25,0.7654536065680891,0.05283793401513009,0.0005252100840336134,0.0006464124111182932,0.12973222750342145,0.1901978403276427,4.201680672268908,Aveeno,"Aveeno Positively Radiant Daily Facial Moisturizer with Broad Spectrum SPF 15 Sunscreen & Total Soy Complex for Even Tone & Texture, Hypoallergenic, Oil-Free & Non-Comedogenic, 4 fl. oz",15.0,chemical,1778,2010-01-17,2023-08-13,162.8,sunscreen; spf; broad spectrum; uva; uvb
B075WZQ8RF,1.4388489208633095,0.0,0.7194244604316548,0.1428571428571428,0.758577587399774,0.03657259370791694,0.0013612689393939375,0.0018408764367816078,0.10813631565495477,0.190145051325428,7.8125,Olay,"Olay Regenerist Whip Face Moisturizer Cream with Sunscreen SPF 25, 1.7 oz",25.0,chemical,1226,2017-12-07,2023-07-19,67.3,sunscreen; spf; sun protection
B08MTDKCX8,1.867572156196944,0.5093378607809848,0.6791171477079796,0.2,0.6464966881983185,0.008204318262969431,0.0,0.0,0.06211681126058553,0.19003793322677373,9.615384615384615,Earth's Daughter,"SPF Lip Balm 4-Pack by Earth's Daughter - Lip Sunscreen, SPF 15, Organic Ingredients, Cherry Flavor, Beeswax, Coconut Oil, Vitamin E - Hypoallergenic, Paraben Free, Gluten Free",15.0,chemical,1602,2018-07-10,2023-07-15,60.2,sunscreen; spf; broad spectrum; sun protection; uva; uvb
B0C8BKLQYJ,9.40766550522648,3.8327526132404173,0.0,0.4230769230769231,0.7465153760509758,0.018989341783923468,0.0001453065969195,0.0004864612157739784,0.0818946654489005,0.1894758113985703,4.504504504504505,Jergens,"Jergens Natural Glow Face Self Tanner Lotion, SPF 20 Sunless Tanning, Medium to Deep Skin Tone Moisturizer, Daily Facial Sunscreen, Oil Free, Broad Spectrum Protection, 2-2 oz",20.0,,2755,2009-06-07,2023-09-05,170.9,sunscreen; spf; broad spectrum; uva; uvb
B0BN491W2F,8.292682926829269,0.0,0.0,0.0,0.824255752412305,0.017771044650435962,0.0016792855756163853,0.0019801980198019802,0.08452233339019427,0.1893417176159465,4.9504950495049505,Banana Boat,"Banana Boat Sport Ultra SPF 50 Sunscreen Spray | Banana Boat Sunscreen Spray SPF 50, Spray On Sunscreen, Water Resistant Sunscreen, Oxybenzone Free Sunscreen Pack SPF 50, 6oz each Twin Pack",50.0,chemical,1084,2013-12-14,2023-08-30,116.5,sunscreen; spf; broad spectrum; sun protection; uva; uvb
B007MV4BQY,3.103448275862069,0.3448275862068966,0.0,0.0,0.6886256971310719,0.058639151673598636,0.0028643323913132134,0.0,0.14619253190051004,0.18906932221980585,4.854368932038835,Sun Bum,Sun Bum Original SPF 30 Sunscreen Face Stick | Vegan and Hawaii 104 Reef Act Compliant (Octinoxate & Oxybenzone Free) Broad Spectrum Moisturizing UVA/UVB Sunscreen with Vitamin E | .45 oz,30.0,chemical,983,2012-10-12,2023-08-16,130.1,sunscreen; spf; broad spectrum; sun protection; uva; uvb
B0BSSLNXZY,12.903225806451612,3.225806451612903,0.0,0.0,0.9116378794715572,0.06734299237953863,0.0032432346157836344,0.000371609067261241,0.16086699094228066,0.18893321044616668,4.273504273504273,,"EltaMD UV Sport Body Sunscreen, SPF 50 Sport Sunscreen Lotion, Sweat Resistant and Water Resistant up to 80 Minutes, Formulated with Zinc Oxide Great for Outdoor Physical Activities, 7 oz Pump",50.0,mineral,1471,2011-05-21,2023-09-01,147.4,sunscreen; spf; sun protection; uva; uvb; zinc oxide
B00CWY8OC8,5.384615384615384,0.3846153846153846,0.0,0.1666666666666666,0.8409124026693688,0.03906527172648538,0.0005709391949757345,0.0,0.1158983789902578,0.18868264051863795,4.424778761061947,RoC,"RoC Multi Correxion 5 in 1 Anti-Aging Daily Face Moisturizer with Broad Spectrum SPF 30 & Shea Butter, Skin Care Treatment for Women & Men, 1.7 Ounces (Packaging May Vary)",30.0,,782,2013-09-20,2023-08-13,118.7,spf; broad spectrum; uva; uvb
B007M81A6Q,0.8064516129032258,0.8064516129032258,0.0,0.25,0.7858284226587074,0.0170780989279206,0.0012036743744060804,0.001355013550135501,0.0903222812228829,0.187698645414935,4.065040650406504,Olay,"Olay Total Effects Tone Correcting Face Moisturizer with Sunscreen SPF 15, Light to Medium 1.7 Ounces",15.0,,1038,2012-06-29,2023-08-16,133.5,sunscreen; spf
B0BHFCMMW1,2.341137123745819,2.0066889632107023,0.0,0.4444444444444444,0.6801421138892983,0.06968417105011415,0.0016463049736796392,0.000337040781934613,0.17337148169854122,0.18672679141422954,7.246376811594203,Gloves In A Bottle,"Gloves In A Bottle – Shielding Lotion for Dry Skin, Hand Lotion Travel Size, Protects & Restores Dry Cracked Skin (Tube, SPF)",,mineral,738,2017-01-20,2023-07-19,77.9,spf; sun protection
B0CBL92Q9Q,3.4482758620689653,3.4482758620689653,0.0,0.0,0.8769372715517305,0.08948934948048202,0.0016502389486260452,0.0002108370229812355,0.2064224450060127,0.18602758483584386,5.376344086021505,,"La Roche-Posay Anthelios Melt-In Milk Body & Face Sunscreen SPF 60, Oil Free Sunscreen for Sensitive Skin, Sport Sunscreen Lotion, Sun Protection and Sun Skin Care, Oxybenzone Free",60.0,chemical,1419,2010-01-16,2023-08-31,163.4,sunscreen; spf; sun protection
B0BNPHJ9GM,1.1764705882352942,0.5882352941176471,0.0,0.1666666666666666,0.7171215326008967,0.012664360294724578,0.0010915245761326366,0.0,0.09133226234831597,0.18580573676278733,3.6496350364963503,MISSHA,"MISSHA M PERFECT COVER BB CREAM #23 SPF 42 PA+++ 50ml-Lightweight, Multi-Function, High Coverage Makeup to help infuse moisture for firmer-looking skin with reduction in appearance of fine lines",42.0,,1556,2010-03-25,2023-09-03,161.3,sunscreen; spf
B01KJGUUHM,6.906906906906906,1.5015015015015014,0.0,0.0,0.719757814725335,0.09216291387801344,0.0,0.0,0.2113601034415962,0.18537685347508476,6.666666666666667,Eucerin,"Eucerin Daily Hydration Broad Spectrum SPF 30 Sunscreen Body Cream for Dry Skin, 8 Oz Tube",30.0,chemical,750,2016-11-16,2023-08-10,80.7,sunscreen; spf; broad spectrum; uva; uvb
B0BYDKJG5X,2.2900763358778624,0.0,1.5267175572519085,1.0,0.8020873034127906,0.0006329113924050633,0.0012590172859670609,0.00020416496529195567,0.07702722590532854,0.18515022379947055,6.329113924050633,Yoseng,Yoseng Oval Foundation Brush Second Largest Toothbrush Makeup Brushes Fast Flawless Application Liquid Cream Powder Foundation Sunscreen(Medium),,,691,2016-05-19,2023-08-08,86.6,sunscreen
B0BDW22ZVC,2.43161094224924,0.60790273556231,0.0,0.125,0.7303556446760463,0.010839652622331561,0.0015283755778734251,0.0027100271002710027,0.09902138028048556,0.18450722040013845,4.065040650406504,REVLON,"Liquid Foundation by Revlon, ColorStay Face Makeup for Combination & Oily Skin, SPF 15, Longwear Medium-Full Coverage with Matte Finish, Warm Golden (310), 1.0 Oz",15.0,mineral,2624,2011-06-29,2023-08-20,145.7,spf
B0BFV6YN3B,5.415162454873647,0.0,0.0,0.0,0.7875984725687641,0.05678517609391678,0.0006064281382656154,0.0,0.1634599880234751,0.1844951622580464,5.154639175257732,Neutrogena,"Neutrogena Beach Defense Water-Resistant Sunscreen Lotion with Broad Spectrum SPF 30, Oil-Free and PABA-Free Oxybenzone-Free Sunscreen Lotion, UVA/UVB Sun Protection, SPF 50, 6.7 fl. oz",30.0,chemical,1113,2013-04-10,2023-08-13,124.1,sunscreen; spf; broad spectrum; sun protection; uva; uvb
B0BHMSNGR2,1.6129032258064515,0.0,0.0,0.0,0.8020682145773633,0.015833754562163925,0.007246376811594203,0.0,0.11103603507963203,0.18435451355562132,3.6231884057971016,MISSHA,"MISSHA M PERFECT COVER BB CREAM #21 SPF 42 PA+++, Multi-Function, High Coverage Makeup to help infuse moisture for firmer-looking skin with reduction in appearance of fine lines 50ml-Lightweight",42.0,,1870,2010-01-25,2023-08-24,162.9,spf
B09VVF2V6R,4.977375565610861,0.0,0.0,0.0,0.8144426881687471,0.03642671070874874,0.0,0.0,0.13466160056255455,0.18399569310011368,4.464285714285714,Banana Boat,"Banana Boat Sport Ultra SPF 100 Sunscreen Spray, 6oz | Sport Sunscreen Spray SPF 100, Banana Boat Sunscreen SPF 100 Spray, High SPF Sunscreen, Water Resistant Sunscreen SPF 100, 6oz",100.0,,792,2010-09-23,2023-08-21,154.9,sunscreen; spf; broad spectrum; sun protection; uva; uvb
B005JFPGX2,1.6129032258064515,0.0,0.0,0.0,0.7982733186469196,0.01325308663918859,0.0005787037037037037,0.0,0.10078262029862152,0.1839640778579582,4.62962962962963,MISSHA,"MISSHA M PERFECT COVER BB CREAM #27 SPF 42 PA+++ 50ml-Lightweight, Multi-Function, High Coverage Makeup to help infuse moisture for firmer-looking skin with reduction in appearance of fine lines",42.0,mineral,710,2012-04-17,2023-07-02,134.5,spf; zinc oxide
B0BZZV3QKC,5.396825396825397,0.0,0.0,0.0,0.78186414381544,0.06901008491338143,0.0015578817733990142,0.0004960317460317455,0.18767331510108315,0.1836818408336555,4.464285714285714,Neutrogena,"Neutrogena Age Shield Anti-Oxidant Face Lotion Sunscreen with Broad Spectrum SPF 70, Oil-Free & Non-Comedogenic Moisturizing Sunscreen to Prevent Signs of Aging, 3 fl. oz (Pack of 2)",70.0,,2523,2010-07-18,2023-08-03,156.5,sunscreen; spf; broad spectrum; sun protection; uva; uvb
B071CGN3QM,8.21917808219178,3.4246575342465753,0.6849315068493151,0.2727272727272727,0.7993679527554106,0.01202423908713012,0.0,0.0005154639175257732,0.10083292418713,0.18356955286809445,5.154639175257732,bareMinerals,"bareMinerals Complexion Rescue Tinted Moisturizer Gel Cream Spf 30, Ginger 06, 1.18 Oz",30.0,mineral,1392,2015-02-10,2023-07-05,100.8,spf
B01A0NT3D6,3.7037037037037037,0.0,0.0,0.0,0.898837127176486,0.0831774990325414,0.006111758777499074,0.0,0.21489971771136598,0.18350124586186395,6.097560975609756,,"La Roche-Posay Anthelios Clear Skin Dry Touch Sunscreen SPF 60, Oil Free Face Sunscreen for Acne Prone Skin, Won't Cause Breakouts, Non-Greasy, Oxybenzone Free",60.0,chemical,1383,2016-04-03,2023-09-03,89.0,sunscreen; spf; sun protection
B09YZ356QW,1.9943019943019942,0.2849002849002849,0.0,0.1666666666666666,0.7409757761462479,0.023773972413104888,0.0011671741336813102,0.0,0.1242579073640428,0.18257240378454323,4.545454545454546,Maybelline New York,"Maybelline Dream Fresh Skin Hydrating BB cream, 8-in-1 Skin Perfecting Beauty Balm with Broad Spectrum SPF 30, Sheer Tint Coverage, Oil-Free, Medium/Deep, 1 Fl Oz",30.0,,2391,2012-06-23,2023-08-23,134.0,spf; broad spectrum
B001P92FMG,3.606557377049181,0.0,0.0,0.0,0.8129233080767375,0.06086288039750251,0.0008090614886731389,0.0,0.1831297415122483,0.18183518118896938,4.854368932038835,Neutrogena,"Neutrogena Sport Face Sunscreen SPF 70+, Oil-Free Facial Sunscreen Lotion with Broad Spectrum UVA/UVB Sun Protection, Sweat-Resistant & Water-Resistant, 2.5 fl. oz",70.0,chemical,989,2010-04-15,2023-09-01,160.5,sunscreen; spf; broad spectrum; sun protection; uva; uvb
B087QY5N5H,6.666666666666667,3.3333333333333335,0.0,0.0,0.9017235180825469,0.05962755808928388,0.0012820512820512814,0.0002191540653079111,0.18345761574259173,0.1815720456151066,4.273504273504273,,"EltaMD UV Daily Face Sunscreen with Zinc Oxide, SPF 40 Facial Sunscreen, Helps Hydrate Skin and Decrease Wrinkles, Lightweight Face Moisturizer Sunscreen, Absorbs into Skin Quickly, 1.7 Oz Pump",40.0,mineral,2104,2011-05-05,2023-08-31,147.9,sunscreen; spf; zinc oxide
B001F51TBI,9.95260663507109,4.739336492890995,0.0,0.0909090909090909,0.8180866595945433,0.03477646420303388,0.0,0.0,0.14556890601059436,0.18131915805879129,3.816793893129771,Olay,"Face Moisturizer by Olay Complete Lotion All Day Moisturizer with Sunscreen SPF 15 for Sensitive Skin, 6.0 fl oz (Pack of 2)",15.0,mixed,737,2009-05-05,2023-08-07,171.1,sunscreen; spf; broad spectrum; sun protection; uva; uvb; zinc oxide
B0B3NMNHQ1,8.19112627986348,4.09556313993174,0.6825938566552902,0.1538461538461538,0.7255529234651633,0.04163132298392206,0.0002903600464576073,0.0,0.1590960135396657,0.18074278419885786,4.065040650406504,Aveeno,"Aveeno Ultra-Calming Daily Facial Moisturizer for Sensitive, Dry Skin with Broad Spectrum SPF 15 Sunscreen, Feverfew & Nourishing Oat, Oil-Free and Hypoallergenic, Basic, Unscented, 4 Fl Oz",15.0,chemical,910,2009-10-07,2023-04-19,162.4,sunscreen; spf; broad spectrum; uva; uvb
B001SZ1MRQ,10.56338028169014,2.8169014084507045,0.0,0.1875,0.807734085072882,0.030597305799645615,0.0008547008547008547,0.0,0.14438046261078152,0.1805167744314126,4.273504273504273,COVERGIRL,"COVERGIRL Smoothers Lightweight BB Cream, 1 Tube (1.35 Ounce), Light to Medium 810 Skin Tones, Hydrating BB Cream with SPF 21 Sun Protection (Packaging May Vary)",21.0,,717,2011-08-26,2023-05-13,140.5,spf; broad spectrum; sun protection; uva; uvb
B09FGR6L63,10.344827586206897,0.4310344827586206,0.4310344827586206,0.0434782608695652,0.7995648518331766,0.06996223060029522,0.0,0.0025902668759811617,0.2077479429756312,0.1800866473039576,5.4945054945054945,Neutrogena,"Neutrogena Ultra Sheer Non-Greasy Sunscreen Stick for Face & Body, Broad Spectrum SPF 70 UVA/UVB Sunscreen Stick, PABA-Free, 1.5 oz",70.0,,1525,2014-02-18,2023-01-31,107.4,sunscreen; spf; broad spectrum; sun protection; uva; uvb
B0BTMMMZ22,20.0,10.0,0.0,0.0,0.9240769455261294,0.013283893395098646,0.003025549081129538,0.0,0.12412726065318541,0.17991610315817488,5.154639175257732,,Complexion Rescue Moisturizer With Hyaluronic Acid And Mineral SPF 30,30.0,mineral,1719,2015-01-25,2023-08-10,102.5,spf
B0BDW4R1B5,1.9169329073482428,1.2779552715654952,0.0,0.3636363636363636,0.7244356807229773,0.005014118488238786,0.0006574621959237342,0.0012150159208982733,0.11150926047217417,0.1796705029812423,4.273504273504273,REVLON,"Liquid Foundation by Revlon, ColorStay Face Makeup for Normal & Dry Skin, SPF 20, Longwear Medium-Full Coverage with Natural Finish, Oil Free, 600 Cinnamon, 1 Fl Oz",20.0,,1212,2011-01-15,2023-06-11,148.8,spf
B0BX593B3J,3.389830508474576,0.3389830508474576,0.0,0.0,0.6820606641068142,0.044024621781615654,0.0014177239523260282,0.0,0.17186705529331006,0.1791884064639042,4.901960784313726,Sun Bum,Sun Bum Original SPF 50 Clear Face Sunscreen with Zinc | Vegan and Hawaii 104 Reef Act Compliant (Octinoxate & Oxybenzone Free) Broad Spectrum Moisturizing UVA/UVB Sunscreen with Vitamin E | 1 Fl Oz,50.0,chemical,729,2012-08-04,2023-08-18,132.4,sunscreen; spf; broad spectrum; sun protection; uva; uvb
B0C5XCCB1Y,8.0,4.0,0.0,0.5,0.9107347540899591,0.008176006243514064,0.001181369078532627,0.0,0.11869127207942574,0.1790098897268022,5.208333333333333,,"IT Cosmetics Your Skin But Better CC+ Cream - Color Correcting Cream, Full-Coverage Foundation, Hydrating Serum & SPF 50+ Sunscreen - Natural Finish - 1.08 Fl. Oz",50.0,,2282,2013-12-17,2023-08-24,116.2,sunscreen; spf
B09DNX6J3P,3.3670033670033668,0.3367003367003366,0.0,0.0,0.6815918696012327,0.05483070744609355,0.002623325492551256,0.0003930817610062887,0.19155112682904768,0.17889308868140788,4.716981132075472,Sun Bum,Sun Bum Original SPF 30 Sunscreen Lotion | Vegan and Hawaii 104 Reef Act Compliant (Octinoxate & Oxybenzone Free) Broad Spectrum Moisturizing UVA/UVB Sunscreen with Vitamin E | 8 oz,30.0,chemical,2755,2012-06-25,2023-08-09,133.4,sunscreen; spf; broad spectrum; sun protection; uva; uvb
B09642QYTS,3.3333333333333335,1.6666666666666667,0.8333333333333334,0.6666666666666666,0.7678626929418716,0.10495476877121923,0.00046875000000000004,0.0,0.26575673158104834,0.1784522718151561,6.578947368421052,A'PIEU,A'PIEU Pure Block Tone Up Sunscreen Base SPF50+/PA+++ 50ml | Tone-Up Reef Safe Korean Sunscreen for Makeup Base,50.0,,715,2016-04-02,2023-08-31,88.9,sunscreen; spf; sun protection; reef safe
B01CQU78VK,0.0,0.0,0.0,0.0,0.9589732424347704,0.004932578653698919,0.002469135802469134,0.00032840722495894857,0.11890524865747061,0.17839810962147257,4.761904761904762,Estee Lauder,E.Lauder Double Wear Stay in Place Makeup SPF10,10.0,,1916,2009-05-05,2023-08-26,171.7,spf
B0BT9VGHD4,4.405286343612335,2.643171806167401,0.4405286343612335,0.5,0.6951853129842022,0.01106966931802,0.0015407711757269274,0.0,0.1291680979279032,0.17787247400375708,4.424778761061947,Maybelline New York,"Maybelline New York Fit Me Dewy + Smooth SPF 18 Liquid Foundation Makeup, Buff Beige, 1 Count",18.0,,2486,2011-01-05,2023-08-20,151.4,spf
B07SG7ND5C,9.756097560975611,3.658536585365854,0.0,0.3,0.7851174929124695,0.006350208952904713,0.0012809436079876313,0.002057613168724278,0.12521039920373292,0.17769762203930278,9.25925925925926,Sun Bum,Sun Bum Tinted Lip Balm Bon Fire | SPF 15 | UVA / UVB Broad Spectrum Protection | Sensitive Skin Safe | Paraben Free | Ozybenzone Free | 0.15 Oz,15.0,,781,2018-07-28,2023-08-17,60.6,sunscreen; spf; broad spectrum; sun protection; uva; uvb
B09Q3VGBF1,4.545454545454546,2.097902097902098,0.0,0.125,0.7679978275813407,0.01527162169605943,0.0027842867916397316,0.0016238956056730991,0.14126640670097682,0.17743025076795066,4.901960784313726,Physicians Formula,"Physicians Formula Super CC+ Cream Foundation SPF 30, Light Medium, Dermatologist Approved, Color-Correction and Care All-Over Blur CC Cream",30.0,mineral,869,2014-04-22,2023-08-11,111.6,spf; uva; uvb
B000052YQ2,7.246376811594203,2.4154589371980677,0.0,0.1176470588235294,0.8198278826504254,0.04896537779941827,0.00040849673202614315,0.0002801120448179265,0.19045165752585352,0.17677143402886578,4.901960784313726,Olay,"Face Moisturizer by Olay, Complete All Day Moisturizer With Sunscreen Broad Spectrum SPF 15 - Sensitive, 4 fl. Oz, 1 unit",15.0,mineral,786,2005-06-18,2023-08-07,217.6,sunscreen; spf; broad spectrum; sun protection; uva; uvb; zinc oxide
B00008MNZH,19.090909090909093,7.272727272727272,0.9090909090909092,0.1428571428571428,0.813985702738385,0.07515647084125823,0.0009768009768009761,0.0003401360544217686,0.23056958063018965,0.17676225938414522,4.761904761904762,Eucerin,"Eucerin Daily Protection Face Lotion - Broad Spectrum SPF 30 - Moisturizes and Protects Sensitive, Dry Skin - 4 fl. oz. Pump Bottle",30.0,mineral,1773,2005-02-20,2023-08-28,222.2,spf; broad spectrum; sun protection; uva; uvb; zinc oxide; titanium dioxide
B07ZQBGRJX,5.9259259259259265,5.555555555555555,0.0,0.7142857142857143,0.7622654070043953,0.02301049188300271,0.0011036458095281625,0.0009164624549239932,0.15600235503852591,0.17620770362330868,4.273504273504273,Physicians Formula,Physicians Formula Organic Wear Natural Tinted Moisturizer SPF 15 Light/Natural,15.0,,715,2010-01-12,2023-01-02,155.7,spf
B09Q3WZHB6,10.20408163265306,6.122448979591836,2.0408163265306123,0.0,0.8878380745764969,0.011457225057020681,0.0007977207977207969,0.0,0.13964189684479866,0.17570821834757666,5.05050505050505,Physicians Formula,"Physicians Formula Mineral Wear Talc-Free Mineral Airbrushing Pressed Powder SPF 30 Translucent | Dermatologist Tested, Clinicially Tested",30.0,mineral,1081,2012-03-16,2023-07-13,135.9,spf
B01NCWV3KM,3.8461538461538467,0.0,0.0,0.0,0.8880199504466857,0.054942931865984784,0.0006574527991767541,0.0008951258951258933,0.20590115056613395,0.1756907941201443,6.756756756756757,,"La Roche-Posay Toleriane Double Repair UV SPF Moisturizer for Face, Daily Facial Moisturizer with Sunscreen SPF 30, Niacinamide and Glycerin, Oil Free, Moisturizing Sun Protection",30.0,chemical,1459,2017-02-14,2023-08-12,77.9,sunscreen; spf; sun protection
B09V26RGC7,3.571428571428571,2.976190476190476,0.0,0.1818181818181818,0.7589624436528699,0.11708549376033717,0.00043980508461382716,0.0016666037907867965,0.304801430013258,0.17469196434429968,6.172839506172839,Etude House,"ETUDE HOUSE Sunprise Mild Airy Finish Sun Milk SPF50+ / PA++++ | Sebum-free, Non-Sticky, Long Lasting Protection, 100% Mineral Based Sunscreen | Kbeauty",50.0,mineral,2581,2015-06-21,2023-08-23,98.1,sunscreen; spf; sun protection
B00J5KDCO2,6.666666666666667,3.3333333333333335,0.0,0.0,0.900628423717182,0.033797426950557014,0.002930402930402929,0.0006410256410256404,0.18552272719105853,0.1739275397898125,4.8076923076923075,,"EltaMD UV Daily Tinted Sunscreen with Zinc Oxide, SPF 40 Face Sunscreen Moisturizer, Helps Hydrate Skin and Decrease Wrinkles, Lightweight Face Sunscreen, Absorbs Into Skin Quickly, 1.7 oz Pump",40.0,mineral,2381,2014-05-22,2023-08-28,111.2,sunscreen; spf; sun protection; uva; uvb; zinc oxide
B0C69TMNNS,10.0,6.666666666666667,0.0,0.0,0.9384893480932004,0.046742620065954185,0.0015112742916481225,0.0008496176720475785,0.20368057665101633,0.1738768936805069,4.672897196261682,,La Roche-Posay Anthelios Tinted Sunscreen SPF 50 | Ultra-Light Fluid Mineral Sunscreen for Face with Titanium Dioxide | Sensitive-Skin Tested | Oil-Free | Travel Size Sunscreen 1.7 Fl Oz,50.0,mineral,1878,2012-11-15,2023-08-28,129.4,sunscreen; spf; broad spectrum; sun protection; uva; uvb; titanium dioxide
B0BTTSFGLS,4.201680672268908,0.8403361344537815,0.0,0.0833333333333333,0.7895706221369562,0.04283521379910585,0.0016571271716088768,0.0,0.2036075414081244,0.17254333765100907,6.097560975609756,Alba Botanica,"Alba Botanica Sunscreen for Face and Body, Hawaiian Coconut Sunscreen Spray, Broad Spectrum SPF 30 Sunscreen, Water Resistant and Biodegradable, 5 fl. oz. Bottle",30.0,mineral,862,2015-06-02,2023-08-12,98.3,sunscreen; spf; broad spectrum; sun protection
B09KP64LQB,5.555555555555555,1.4814814814814816,0.0,0.2,0.7487550134035396,0.026879741617042627,0.0007863724968988118,0.0,0.18215831609238373,0.17182885239086074,6.578947368421052,Neutrogena,"Neutrogena Healthy Skin Anti-Aging Perfector Tinted Facial Moisturizer and Retinol Treatment with Broad Spectrum SPF 20 Sunscreen with Titanium Dioxide, 20 Fair to Light, 1 fl. oz",20.0,mixed,1051,2016-01-07,2023-08-26,91.6,sunscreen; spf; broad spectrum; uva; uvb; titanium dioxide
B09KL2Q9TX,0.9009009009009008,0.0,0.4504504504504504,0.0,0.7914011504515905,0.010023959126952559,0.0008078231292517,0.0008333333333333324,0.16033638330637673,0.17135020019245667,6.25,DC DERMACOL,"Dermacol - Full Coverage Foundation, Liquid Makeup Matte Foundation with SPF 30, Waterproof Foundation for Oily Skin, Acne, & Under Eye Bags, Long-Lasting Makeup Products, 30g, Shade 208",30.0,,1192,2015-02-13,2023-08-20,102.2,spf
B006L2137U,4.519774011299435,0.847457627118644,0.0,0.0588235294117647,0.7516634078725193,0.07574691840206874,0.0008006198347107433,0.002250978686385384,0.26473598676819965,0.1705397777972547,5.681818181818182,Cetaphil,"Cetaphil Dermacontrol Facial Moisturizer for Acne-Prone Skin with Suncreen SPF 30, 4 Fluid (Packaging May Vary) Ounce",30.0,chemical,1102,2012-03-31,2022-12-24,128.8,sunscreen; spf; broad spectrum; sun protection; uva; uvb
B093C28CWW,3.153153153153153,2.2522522522522523,0.0,0.4,0.6834183104226913,0.018330112317213248,0.00019432568985619877,0.0006024096385542169,0.19237567216224755,0.16722308309481707,6.024096385542169,Burt's Bees,"Burt's Bees BB Cream with SPF 15, Medium, 1.7 Oz (Package May Vary)",15.0,mineral,1078,2015-12-26,2023-06-01,89.2,sunscreen; spf; zinc oxide
B00K3JQO9Y,9.465020576131687,4.938271604938271,0.41152263374485604,0.4444444444444444,0.7473187830946281,0.03375340763327211,0.0024205516485178457,0.0006333182093163937,0.21967959947778726,0.16695356985888274,5.208333333333333,THINK,"Thinksport SPF 50+ Mineral Sunscreen – Safe, Natural Sunblock for Sports & Active Use - Water Resistant Sun Cream –UVA/UVB Sun Protection – Vegan, Reef Friendly Sun Lotion, 6oz",50.0,mixed,832,2014-07-27,2023-07-16,107.6,sunscreen; sunblock; spf; broad spectrum; sun protection; uva; uvb
B007SNM6OK,5.964214711729622,2.982107355864811,0.3976143141153081,0.4166666666666667,0.6616940786848812,0.03516420046539891,0.003030263387406244,0.001159951159951159,0.22659753399580704,0.1662773069772976,4.761904761904762,THINK,"Thinksport SPF 50+ Mineral Sunscreen – Safe, Natural Sunblock for Sports & Active Use - Water Resistant Sun Cream –UVA/UVB Sun Protection – Vegan, Reef Friendly Sun Lotion, 3oz",50.0,mixed,701,2013-06-28,2023-07-09,120.3,sunscreen; sunblock; spf; broad spectrum; sun protection; uva; uvb; zinc oxide
B00FLRHYCE,6.382978723404255,0.7092198581560284,0.7092198581560284,0.0,0.7434386765031029,0.07085831033339884,0.0,0.00022614201718679255,0.2769988052833713,0.16591426754764207,7.462686567164179,Hawaiian Tropic,"Hawaiian Tropic Weightless Hydration Lotion Sunscreen for Face SPF 30, 1.7oz | Travel Size Sunscreen, Oil Free Face Sunscreen, Sunblock Face, Mini Sunscreen SPF 30, 1.7oz",30.0,chemical,724,2014-05-15,2023-08-17,111.1,sunscreen; sunblock; spf; broad spectrum; sun protection; uva; uvb
B0C5JVD54M,7.926829268292683,5.487804878048781,0.0,0.4,0.7715784235177343,0.029472476659493735,0.00023975065931431235,0.001989509857117019,0.22595327718132635,0.16420840269069065,5.154639175257732,Brush On Block,"Brush On Block Mineral Sunscreen Powder, Refillable Broad-Spectrum SPF 50, Safe for Sensitive Skin, UVA UVB Face Protection, Natural, Reef Friendly (Translucent)",50.0,mixed,714,2014-07-02,2023-08-10,109.3,sunscreen; sunblock; spf; sun protection; uva; uvb; zinc oxide; titanium dioxide
B0872HDGFZ,4.375,3.125,0.0,0.6,0.7791673017838227,0.006091806712304956,0.002657323073202088,0.0020826522828811143,0.20030820502624933,0.16295089484746242,7.246376811594203,bareMinerals,"Barepro Performance Wear Liquid Broad Spectrum Foundation SPF 20,",20.0,mineral,798,2014-11-11,2023-08-15,105.1,spf; broad spectrum
B0CGMHHVGS,7.231920199501247,1.4962593516209477,0.0,0.1428571428571428,0.6829109062224954,0.08120832328928414,0.0002308935580697295,0.0015970137766489639,0.3157781466724424,0.1616638444859764,8.19672131147541,CeraVe,CeraVe Moisturizing Lotion SPF 30| Sunscreen and Face Moisturizer with Hyaluronic Acid & Ceramides | Oil Free | 1.7 Ounce,30.0,,873,2018-02-18,2023-09-03,66.5,sunscreen; spf; broad spectrum; sun protection; uva; uvb
B007KA7V5U,7.924528301886792,1.1320754716981132,0.7547169811320755,0.0,0.775156499927019,0.018716356958848678,0.004724665141331807,0.0001388888888888889,0.23984914912689972,0.1588609657698298,5.555555555555555,Neutrogena,"Neutrogena Wet Skin Kids Water Resistant Sunscreen Stick for Face and Body, Broad Spectrum SPF 70, 0.47 oz",70.0,,1076,2013-04-12,2023-07-20,123.2,sunscreen; spf; broad spectrum; sun protection; uva; uvb
B007SAC6XE,6.782945736434108,3.488372093023256,0.1937984496124031,0.2666666666666666,0.7011518583111899,0.039510973808583344,0.0005716367656666152,0.0,0.26896362213942904,0.1582034769061058,5.05050505050505,Thinksport,"Thinksport Kids SPF 50+ Mineral Sunscreen Safe, Natural Sunblock for Children - Water Resistant Sun Cream Broad Spectrum UVA/UVB Sun Protection Vegan, Reef Friendly Sun Lotion, 3oz",50.0,mixed,784,2012-06-26,2023-07-04,132.2,sunscreen; sunblock; spf; broad spectrum; sun protection; uva; uvb; zinc oxide
B00E9OXJUQ,2.4096385542168677,1.2048192771084338,0.0,0.5,0.855762815607587,0.07964975493627754,0.00022222222222222223,0.0004691358024691356,0.33382632248454014,0.15730250149014807,5.555555555555555,MISSHA,Missha All Around Safe Block Soft Finish Sun Milk EX SPF50+/PA+++ (70ml),50.0,,741,2015-03-26,2023-08-20,100.8,spf; sun protection
B07PDHPJ5N,6.145251396648044,5.027932960893855,0.0,0.4444444444444444,0.6918276308365928,0.04500580786483036,0.0007936507936507937,0.001763668430335097,0.2899912141432616,0.15614282933679324,7.936507936507937,Beauty by Earth,"Tinted Sunscreen for Face - SPF 20 With Natural & Organic Ingredients Broad Spectrum Sunblock Lotion, Tinted Moisturizer Zinc Oxide Sunscreen Face for Skincare, Facial Sunscreen (Toffee)",20.0,mineral,688,2017-10-10,2023-07-11,69.0,sunscreen; sunblock; spf; broad spectrum; sun protection; zinc oxide; reef safe
B07KL7HPXV,9.226932668329177,6.733167082294264,0.0,0.28,0.6931085230818534,0.09385771306834956,0.000714285714285714,0.010970625798212003,0.3766612252175203,0.15574629675512522,10.0,CeraVe,"CeraVe 100% Mineral Sunscreen SPF 30 | Face Sunscreen with Zinc Oxide & Titanium Dioxide for Sensitive Skin | With Hyaluronic Acid, Niacinamide, and Ceramides | 2.5 oz",30.0,mixed,1094,2019-03-16,2023-08-28,53.4,sunscreen; spf; broad spectrum; sun protection; uva; uvb; zinc oxide; titanium dioxide
B003AVNK0S,7.239819004524887,2.7149321266968327,0.0,0.0,0.7547767137050944,0.029805076123535723,0.0010395010395010391,0.0,0.28521748647695677,0.15215790080154462,6.756756756756757,BLUE LIZARD,Broad Spectrum,30.0,mixed,865,2010-12-02,2023-07-08,151.1,sunscreen; spf; broad spectrum; sun protection; uva; uvb; zinc oxide
B0B6WRX48T,3.92156862745098,1.568627450980392,0.392156862745098,0.25,0.6570846131681861,0.01110037798984429,0.00194314971560921,0.0025251435489864623,0.263315750350415,0.15178403664301918,12.5,L'Oreal Paris,"L'Oréal Paris Age Perfect Radiant Serum Foundation with SPF 50, Cream Beige, 1 Ounce",50.0,,1185,2019-12-17,2023-08-23,44.2,spf
B07QGG5MV2,9.226932668329177,6.733167082294264,0.0,0.28,0.7076512303573893,0.09859753920520045,0.0016398433859915853,0.002626278149022094,0.42164051767367705,0.14631768861057812,10.638297872340425,CeraVe,"CeraVe 100% Mineral Sunscreen SPF 50 | Face Sunscreen with Zinc Oxide & Titanium Dioxide for Sensitive Skin | With Hyaluronic Acid, Niacinamide, and Ceramides | 2.5 oz",50.0,mixed,1602,2019-03-08,2023-08-31,53.8,sunscreen; spf; broad spectrum; sun protection; uva; uvb; zinc oxide; titanium dioxide
B0CH6RQX8P,6.2761506276150625,1.2552301255230125,0.0,0.1666666666666666,0.7171554432423723,0.037026035320241145,0.003919860627177698,0.0017197332279532806,0.3340507409502181,0.14570756086981146,12.195121951219512,DRMTLGY,DRMTLGY Tinted Moisturizer with SPF 46. Universal Tint. All-In-One Face Sunscreen and Foundation with Broad Spectrum Protection Against UVA and UVB Rays. 1.7 oz,46.0,,3199,2019-05-28,2023-08-29,51.1,sunscreen; spf; broad spectrum; sun protection; uva; uvb
B07GDT961B,9.13978494623656,2.1505376344086025,0.0,0.0769230769230769,0.7731998139117325,0.05093276686755247,0.0017852022162366964,0.0,0.356592595947588,0.14440761142480726,8.928571428571429,Cetaphil,"CETAPHIL DERMACONTROL Oil Absorbing Moisturizer with SPF 30 , For Sensitive, Oily Skin , 4 fl oz , Absorbs Oil, Reduces Shine, Hydrates, Protects , No Added Fragrance",30.0,chemical,918,2018-09-17,2023-08-28,59.3,spf; broad spectrum; sun protection; uva; uvb
B07KGL1YZL,3.1055900621118013,2.7950310559006213,0.0,0.23076923076923073,0.6783562887348726,0.03182362428122146,0.0013879229717739027,0.0005532706619663135,0.33387534830345916,0.14325731603210964,6.756756756756757,Beauty by Earth,"Mineral Sunscreen SPF 25 - Zinc Oxide Sunscreen, Baby Sunscreen, Kids Sunscreen, Reef Friendly Sunscreen, Sun Screen With Natural Sunscreen & Organic Sunscreen Lotion Ingredients, Zinc Sunscreen Kids",25.0,mixed,817,2014-08-02,2023-08-21,108.6,sunscreen; sun screen; sunblock; spf; sun protection; zinc oxide
B00C8FVZZY,9.090909090909092,6.0606060606060606,0.0,0.0,0.8842009467844281,0.04130151859378662,0.0006901311249137334,0.000337040781934613,0.3483814365510906,0.1429709612446299,7.246376811594203,,"EltaMD UV Physical Tinted Face Sunscreen, SPF 41 Tinted Mineral Sunscreen with Zinc Oxide, Water Resistant up to 40 Minutes, Protects Extra Sensitive and Post Procedure Skin, Oil Free, 3.0 oz Tube",41.0,mineral,1746,2017-05-11,2023-08-12,75.0,sunscreen; spf; sun protection; uva; uvb; zinc oxide; titanium dioxide
B0CDYV161L,8.846153846153847,4.230769230769231,0.0,0.11111111111111112,0.730616936896766,0.08366296777770131,0.00032237266279819363,0.00398287493513233,0.418614585462699,0.1424522851402532,10.638297872340425,Coppertone,"Coppertone Pure and Simple Sunscreen Lotion, SPF 50 Broad Spectrum Sunscreen with Zinc Oxide, 6 Oz, Pack of 2",50.0,mixed,692,2019-04-11,2023-08-25,52.5,sunscreen; spf; broad spectrum; sun protection; uva; uvb; zinc oxide
B088MSY15Q,8.333333333333332,4.166666666666666,0.0,0.1666666666666666,0.7115880502376238,0.06926260261301266,0.0,0.0,0.39265224087173145,0.14224833260955747,7.352941176470588,Australian Gold,"Australian Gold Botanical Sunscreen Mineral Lotion w/ Bonus 1oz Lotion SPF 50, 5 Ounce | Broad Spectrum | Water Resistant",50.0,mixed,3572,2017-02-21,2023-09-04,78.4,sunscreen; spf; broad spectrum; sun protection; uva; uvb; zinc oxide; titanium dioxide
B07QM2C61T,8.300395256916996,3.557312252964427,0.0,0.0,0.7524224154969847,0.06486247997287484,0.00039682539682539525,0.0006969881969881928,0.40552104071364864,0.1386279892475861,11.904761904761905,BLUE LIZARD,"Blue Lizard SENSITIVE Mineral Sunscreen with Zinc Oxide, SPF 30+, Water Resistant, UVA/UVB Protection with Smart Bottle Technology - Fragrance Free, 8.75 oz.",30.0,mixed,857,2019-07-03,2023-09-01,50.0,sunscreen; spf; broad spectrum; sun protection; uva; uvb; zinc oxide
B09M16VNYN,2.413793103448276,0.3448275862068966,0.0,0.0,0.6575516907299562,0.07904596633517978,0.0017796650360662146,0.000555709919422059,0.4489894949928716,0.13449973464085166,8.19672131147541,Sun Bum,Sun Bum Original SPF 70 Sunscreen Face Lotion | Vegan and Hawaii 104 Reef Act Compliant (Octinoxate & Oxybenzone Free) Broad Spectrum Fragrance-Free Moisturizing UVA/UVB Sunscreen with Vitamin E|3oz,70.0,chemical,781,2018-04-04,2023-09-04,65.0,sunscreen; spf; broad spectrum; sun protection; uva; uvb
B0BXBBMVZ3,5.161290322580645,0.6451612903225806,0.0,0.2,0.7499948568145588,0.07296564659895621,0.004059488979726111,0.0,0.47535941716006386,0.1278326827926056,17.857142857142858,Supergoop!,"Supergoop! Unseen Sunscreen - SPF 40 - .5 fl oz - Invisible, Broad Spectrum Face Sunscreen - Weightless, Scentless, and Oil Free - For All Skin Types and Skin Tones",40.0,chemical,1165,2020-11-27,2023-09-04,33.2,sunscreen; spf; broad spectrum; sun protection; uva; uvb
B0BSTY3KN9,9.97067448680352,6.158357771260997,0.0,0.22222222222222224,0.6727311619639641,0.06829016692932914,0.0005942334739803075,0.0014803685897435877,0.4883579315313259,0.1233341142884645,12.5,CeraVe,CeraVe Tinted Sunscreen with SPF 30 | Hydrating Mineral Sunscreen With Zinc Oxide & Titanium Dioxide | Sheer Tint for Healthy Glow | 1.7 Fluid Ounce,30.0,mixed,3568,2019-12-19,2023-08-30,44.3,sunscreen; spf; sun protection; uva; uvb; zinc oxide; titanium dioxide
B094TT8FVG,9.80392156862745,6.162464985994398,0.0,0.08,0.5494573686847712,0.12336373236144171,0.001839204740631693,0.0007155952866157036,0.6233160831082069,0.11298460309360296,17.857142857142858,Cetaphil,"CETAPHIL Sheer Mineral Sunscreen Lotion for Face & Body, 3 fl oz, 100% Mineral Sunscreen: Zinc Oxide & Titanium Dioxide, Broad Spectrum SPF 30, For Sensitive Skin",30.0,mineral,1230,2021-01-04,2023-09-06,32.0,sunscreen; spf; broad spectrum; sun protection; uva; uvb; zinc oxide; titanium dioxide; reef safe
B0C2DT1Z2N,4.3763676148796495,3.063457330415755,0.0,0.3529411764705882,0.571466221309161,0.03975925500774661,0.0008625646923519243,0.0007007007007006973,0.5096793277442843,0.11038272730173025,13.513513513513514,Australian Gold,"Australian Gold Botanical SPF 50 Tinted Sunscreen for Face, Non-Chemical BB Cream & Mineral Sunscreen,Water-Resistant,Matte Finish,For Sensitive Facial Skin,Rich to Deep Skin Tones, 3 FL Oz, Rich-Deep",50.0,mineral,2100,2020-02-27,2023-08-20,41.7,sunscreen; sunblock; spf; sun protection; zinc oxide; titanium dioxide
